scope,segment,policy,reward_name,metric,point_estimate,ci_low,ci_high,bootstrap_reps
overall,,logged_behavior,primary,policy_value_plugin,-4.937245783922881,-5.010736214412525,-4.870755283351168,500
overall,,logged_behavior,primary,policy_value_ips,-4.870164784438304,-5.01158399996118,-4.734902917587789,500
overall,,logged_behavior,primary,policy_value_dr,-4.82581953473445,-5.0553059255518225,-4.577199240669998,500
overall,,logged_behavior,primary,estimated_lateness_min,2.0941986143577993,2.030512203759359,2.16676050197026,500
overall,,logged_behavior,primary,estimated_co2_kg,3.715819593573729,3.707062728588792,3.724269003037732,500
overall,,logged_behavior,primary,estimated_crash,0.10607546179615684,0.10534600228247416,0.10681626789463868,500
overall,,logged_behavior,primary,estimated_near_miss,0.5195643164443842,0.5176410017967136,0.5214191916641507,500
overall,,logged_behavior,primary,estimated_on_time,0.8159836429898482,0.8120461457719551,0.8198425477025876,500
segment,high_traffic,logged_behavior,primary,policy_value_plugin,-7.768119628191449,-7.986459846448674,-7.5575821561248695,500
segment,high_traffic,logged_behavior,primary,policy_value_ips,-7.668970216438325,-8.053729478441799,-7.306361467895344,500
segment,high_traffic,logged_behavior,primary,policy_value_dr,-7.542105253899957,-8.16999295648384,-6.9465565004157535,500
segment,high_traffic,logged_behavior,primary,estimated_lateness_min,4.573666741271822,4.371249490637179,4.782315575578071,500
segment,high_traffic,logged_behavior,primary,estimated_co2_kg,3.9449578404274717,3.9269998237555748,3.9632184403886943,500
segment,high_traffic,logged_behavior,primary,estimated_crash,0.12732489178896855,0.12578855831724833,0.12876144857786978,500
segment,high_traffic,logged_behavior,primary,estimated_near_miss,0.5661062004722234,0.5631638341902574,0.5690937980874592,500
segment,high_traffic,logged_behavior,primary,estimated_on_time,0.6773922238566543,0.6678066221775015,0.687126956924622,500
segment,rain_or_event,logged_behavior,primary,policy_value_plugin,-5.766864038742251,-5.884555664382949,-5.656303331451219,500
segment,rain_or_event,logged_behavior,primary,policy_value_ips,-5.687557617309622,-5.873515450835535,-5.492980261555368,500
segment,rain_or_event,logged_behavior,primary,policy_value_dr,-5.615150607365305,-5.937571852627193,-5.3138212922804575,500
segment,rain_or_event,logged_behavior,primary,estimated_lateness_min,2.766310073081657,2.6571127766010405,2.8793067365098857,500
segment,rain_or_event,logged_behavior,primary,estimated_co2_kg,3.751814143377405,3.740340570880426,3.7625330721069252,500
segment,rain_or_event,logged_behavior,primary,estimated_crash,0.11718741449217497,0.11596338376688627,0.11831609128091315,500
segment,rain_or_event,logged_behavior,primary,estimated_near_miss,0.5391584960316816,0.5363569217867896,0.5416668305607529,500
segment,rain_or_event,logged_behavior,primary,estimated_on_time,0.7776201059834681,0.7715498282774824,0.7842537797138727,500
segment,tight_window,logged_behavior,primary,policy_value_plugin,-8.33316309514769,-8.538295039014075,-8.155149298731542,500
segment,tight_window,logged_behavior,primary,policy_value_ips,-8.554927616171092,-8.94813306700431,-8.182685329790841,500
segment,tight_window,logged_behavior,primary,policy_value_dr,-8.776630341660312,-9.401103084218091,-8.173446500533291,500
segment,tight_window,logged_behavior,primary,estimated_lateness_min,5.443719259523874,5.272246553476092,5.642183313213632,500
segment,tight_window,logged_behavior,primary,estimated_co2_kg,3.6948364087688677,3.6760857919835557,3.7104010747546954,500
segment,tight_window,logged_behavior,primary,estimated_crash,0.10950684850168736,0.10795377416001997,0.11092080342525101,500
segment,tight_window,logged_behavior,primary,estimated_near_miss,0.5277040344265844,0.5236529143900253,0.5314973355628556,500
segment,tight_window,logged_behavior,primary,estimated_on_time,0.5354331380704437,0.52675947351928,0.5439188083654004,500
segment,late_day,logged_behavior,primary,policy_value_plugin,-5.1084708753089005,-5.235240663129687,-4.983470777728204,500
segment,late_day,logged_behavior,primary,policy_value_ips,-4.946072681107737,-5.208209731380391,-4.705223313910399,500
segment,late_day,logged_behavior,primary,policy_value_dr,-4.820447175197745,-5.263503654887461,-4.380913424659594,500
segment,late_day,logged_behavior,primary,estimated_lateness_min,2.23536816758129,2.111033484290359,2.359649464859005,500
segment,late_day,logged_behavior,primary,estimated_co2_kg,3.717907002543489,3.703924550052245,3.7352861899584533,500
segment,late_day,logged_behavior,primary,estimated_crash,0.10808525305737789,0.10677656685302891,0.10945814794747544,500
segment,late_day,logged_behavior,primary,estimated_near_miss,0.5243343883225671,0.5212573138875475,0.5276897900349148,500
segment,late_day,logged_behavior,primary,estimated_on_time,0.8105844656822422,0.803602435513591,0.81806122972521,500
overall,,always_eco,primary,policy_value_plugin,-5.091068678562508,-5.161998781229936,-5.0185445839407326,500
overall,,always_eco,primary,policy_value_ips,-5.065859585642069,-5.247857179119363,-4.890356417882551,500
overall,,always_eco,primary,policy_value_dr,-5.061007948717759,-5.22099103942868,-4.914050238562683,500
overall,,always_eco,primary,estimated_lateness_min,2.279020561153626,2.209820174135193,2.346305837026336,500
overall,,always_eco,primary,estimated_co2_kg,3.618228833199939,3.6097798555552094,3.6269107657812674,500
overall,,always_eco,primary,estimated_crash,0.10511568087978226,0.1044820931379428,0.10585855323459537,500
overall,,always_eco,primary,estimated_near_miss,0.5186227709855359,0.516792790498297,0.5204379493722985,500
overall,,always_eco,primary,estimated_on_time,0.8114486440600904,0.8075901198139478,0.8156146059262435,500
segment,high_traffic,always_eco,primary,policy_value_plugin,-8.215331923076521,-8.42771639179428,-7.996280254135262,500
segment,high_traffic,always_eco,primary,policy_value_ips,-8.318645083081122,-8.877919798997373,-7.7603357632578085,500
segment,high_traffic,always_eco,primary,policy_value_dr,-8.373333403750813,-8.878166423098675,-7.866383798112012,500
segment,high_traffic,always_eco,primary,estimated_lateness_min,5.062726423475753,4.855199594809521,5.274151600447588,500
segment,high_traffic,always_eco,primary,estimated_co2_kg,3.813554767947506,3.7965650647483944,3.830004529100738,500
segment,high_traffic,always_eco,primary,estimated_crash,0.1260388164436039,0.12450988231063882,0.12754952503603278,500
segment,high_traffic,always_eco,primary,estimated_near_miss,0.5647531907876138,0.5616503149045627,0.5675741174507045,500
segment,high_traffic,always_eco,primary,estimated_on_time,0.6684344541845594,0.6592284066895394,0.6786350081945642,500
segment,rain_or_event,always_eco,primary,policy_value_plugin,-5.993732161465039,-6.124548373651017,-5.875353081993782,500
segment,rain_or_event,always_eco,primary,policy_value_ips,-6.005556200316816,-6.315661043289711,-5.704825072022008,500
segment,rain_or_event,always_eco,primary,policy_value_dr,-6.050129430806791,-6.308278204432206,-5.792585714887889,500
segment,rain_or_event,always_eco,primary,estimated_lateness_min,3.025293379394337,2.909546216655436,3.1510566882494215,500
segment,rain_or_event,always_eco,primary,estimated_co2_kg,3.6511270868858094,3.639999727746603,3.662734726153658,500
segment,rain_or_event,always_eco,primary,estimated_crash,0.11616631243739974,0.11525041404153266,0.1171658806122784,500
segment,rain_or_event,always_eco,primary,estimated_near_miss,0.5382751201597719,0.535807918168138,0.5406461511399395,500
segment,rain_or_event,always_eco,primary,estimated_on_time,0.7728877235643165,0.7662364473851412,0.7794716558752012,500
segment,tight_window,always_eco,primary,policy_value_plugin,-8.589007982266184,-8.795457705034462,-8.379705247794808,500
segment,tight_window,always_eco,primary,policy_value_ips,-8.89878686412609,-9.539809556319298,-8.429864452542239,500
segment,tight_window,always_eco,primary,policy_value_dr,-8.903222737768955,-9.44019224625389,-8.470074616490244,500
segment,tight_window,always_eco,primary,estimated_lateness_min,5.728491254871459,5.5269340067037955,5.9285439263404145,500
segment,tight_window,always_eco,primary,estimated_co2_kg,3.5930381622756022,3.575641750831069,3.6098044362286816,500
segment,tight_window,always_eco,primary,estimated_crash,0.10880102216113069,0.10735763616933425,0.11021372815932867,500
segment,tight_window,always_eco,primary,estimated_near_miss,0.5269494366641488,0.5235115554137945,0.5305283388478159,500
segment,tight_window,always_eco,primary,estimated_on_time,0.5323116217730145,0.5238890660027254,0.5416481474304009,500
segment,late_day,always_eco,primary,policy_value_plugin,-5.272447222205881,-5.415615362303507,-5.135232991837037,500
segment,late_day,always_eco,primary,policy_value_ips,-5.274133087921557,-5.6244720146703155,-4.903407674490359,500
segment,late_day,always_eco,primary,policy_value_dr,-5.220112274955531,-5.538924837462684,-4.922611596157122,500
segment,late_day,always_eco,primary,estimated_lateness_min,2.431416204143298,2.300552539529208,2.558880231446442,500
segment,late_day,always_eco,primary,estimated_co2_kg,3.619497882543908,3.6053530533711924,3.6333074482359176,500
segment,late_day,always_eco,primary,estimated_crash,0.10704949229246692,0.10583908234601734,0.10832830422826613,500
segment,late_day,always_eco,primary,estimated_near_miss,0.5233182593145663,0.5199477245321359,0.5267053232957505,500
segment,late_day,always_eco,primary,estimated_on_time,0.8055503890103691,0.7984419013213059,0.813055847486302,500
overall,,never_eco,primary,policy_value_plugin,-4.773783473981008,-4.837589782876141,-4.708786695710683,500
overall,,never_eco,primary,policy_value_ips,-4.691244035616367,-4.894683699066753,-4.509590087640492,500
overall,,never_eco,primary,policy_value_dr,-4.692417954637327,-4.890973358244751,-4.517375847320646,500
overall,,never_eco,primary,estimated_lateness_min,1.8879995412064905,1.8270386168938688,1.9461599144567734,500
overall,,never_eco,primary,estimated_co2_kg,3.8462128412749417,3.8378675337966346,3.8556581615597136,500
overall,,never_eco,primary,estimated_crash,0.10741699996994869,0.1066975704500511,0.10806825885365996,500
overall,,never_eco,primary,estimated_near_miss,0.5211856824100212,0.5193672361890707,0.5228909464587579,500
overall,,never_eco,primary,estimated_on_time,0.821627765575071,0.8177763010472584,0.8257154903028564,500
segment,high_traffic,never_eco,primary,policy_value_plugin,-7.367256097766579,-7.563247874205846,-7.186898805181346,500
segment,high_traffic,never_eco,primary,policy_value_ips,-7.065667631140834,-7.5594301527845245,-6.6479954566951225,500
segment,high_traffic,never_eco,primary,policy_value_dr,-6.983240242800796,-7.393549645999551,-6.593828140454506,500
segment,high_traffic,never_eco,primary,estimated_lateness_min,4.131670124916622,3.9558133328791962,4.31963658076236,500
segment,high_traffic,never_eco,primary,estimated_co2_kg,4.07080342384305,4.054778376068703,4.087460912848395,500
segment,high_traffic,never_eco,primary,estimated_crash,0.12857483705294573,0.12703907246018065,0.13009609812897469,500
segment,high_traffic,never_eco,primary,estimated_near_miss,0.5678384587759452,0.5647355425627527,0.5707516387645192,500
segment,high_traffic,never_eco,primary,estimated_on_time,0.6857278449005116,0.6748283936377204,0.6949989099400135,500
segment,rain_or_event,never_eco,primary,policy_value_plugin,-5.53755325030673,-5.640625731075508,-5.432312775574566,500
segment,rain_or_event,never_eco,primary,policy_value_ips,-5.3788294421204865,-5.645838382904664,-5.089268990679096,500
segment,rain_or_event,never_eco,primary,policy_value_dr,-5.329442549588032,-5.611565364314498,-5.070737450364002,500
segment,rain_or_event,never_eco,primary,estimated_lateness_min,2.493245441215321,2.3899394044429325,2.590432387031688,500
segment,rain_or_event,never_eco,primary,estimated_co2_kg,3.885383539630146,3.872657972701049,3.898349822201908,500
segment,rain_or_event,never_eco,primary,estimated_crash,0.11859631397922102,0.11748384716570469,0.11959649996526849,500
segment,rain_or_event,never_eco,primary,estimated_near_miss,0.5406339806865846,0.5381266631471191,0.543002925716354,500
segment,rain_or_event,never_eco,primary,estimated_on_time,0.7832542347075563,0.7779537285715227,0.7892015115213857,500
segment,tight_window,never_eco,primary,policy_value_plugin,-8.028198413462736,-8.224371293319173,-7.85800620508934,500
segment,tight_window,never_eco,primary,policy_value_ips,-8.229651975715777,-8.77987236193556,-7.775506409292693,500
segment,tight_window,never_eco,primary,policy_value_dr,-8.157450904472585,-8.633631954781022,-7.753049630500271,500
segment,tight_window,never_eco,primary,estimated_lateness_min,5.103105479960738,4.943347084042809,5.296679734608346,500
segment,tight_window,never_eco,primary,estimated_co2_kg,3.819220413198713,3.8000245645659203,3.836688019538863,500
segment,tight_window,never_eco,primary,estimated_crash,0.11033991938233921,0.10884152612597854,0.11181431359566081,500
segment,tight_window,never_eco,primary,estimated_near_miss,0.5289248285194316,0.5250399941715064,0.532504672824379,500
segment,tight_window,never_eco,primary,estimated_on_time,0.5394902601713569,0.5314963943230135,0.5472218363930603,500
segment,late_day,never_eco,primary,policy_value_plugin,-4.918952443640214,-5.045150834065532,-4.803250725702778,500
segment,late_day,never_eco,primary,policy_value_ips,-4.63514304850713,-4.941309253339053,-4.303425079368816,500
segment,late_day,never_eco,primary,policy_value_dr,-4.68326369077941,-4.9877149560544565,-4.359240849243491,500
segment,late_day,never_eco,primary,estimated_lateness_min,1.9998511383583681,1.891639304762189,2.1190299300869335,500
segment,late_day,never_eco,primary,estimated_co2_kg,3.8535507648756866,3.838911403321496,3.868674953605874,500
segment,late_day,never_eco,primary,estimated_crash,0.1096297224714563,0.10840871137639492,0.11097758036312103,500
segment,late_day,never_eco,primary,estimated_near_miss,0.5260469637960727,0.5229754230508656,0.5292876631924391,500
segment,late_day,never_eco,primary,estimated_on_time,0.8170354133240991,0.8088689424982032,0.8230902150257748,500
overall,,heuristic_risk_rule,primary,policy_value_plugin,-4.806007237396387,-4.865085252902907,-4.740838040698658,500
overall,,heuristic_risk_rule,primary,policy_value_ips,-4.754386215580872,-4.956948454093093,-4.5870244145140555,500
overall,,heuristic_risk_rule,primary,policy_value_dr,-4.63770390236778,-4.78699654047144,-4.4996588492801655,500
overall,,heuristic_risk_rule,primary,estimated_lateness_min,1.9655050682637265,1.9048907316258794,2.021012808118671,500
overall,,heuristic_risk_rule,primary,estimated_co2_kg,3.7118849454643983,3.7038713642325156,3.7205119505378264,500
overall,,heuristic_risk_rule,primary,estimated_crash,0.10589258461739555,0.10521476212714237,0.1065802775339799,500
overall,,heuristic_risk_rule,primary,estimated_near_miss,0.5195996669329125,0.517814158831552,0.5213094783641758,500
overall,,heuristic_risk_rule,primary,estimated_on_time,0.8170522458713028,0.8135539362734007,0.8210874668198884,500
segment,high_traffic,heuristic_risk_rule,primary,policy_value_plugin,-7.424132381149479,-7.599949500923181,-7.255599573413547,500
segment,high_traffic,heuristic_risk_rule,primary,policy_value_ips,-7.314010205221806,-7.767082747301713,-6.870903190510888,500
segment,high_traffic,heuristic_risk_rule,primary,policy_value_dr,-7.159191085260012,-7.589932789670632,-6.739362675068814,500
segment,high_traffic,heuristic_risk_rule,primary,estimated_lateness_min,4.221605223872884,4.061125842884107,4.3925735968201485,500
segment,high_traffic,heuristic_risk_rule,primary,estimated_co2_kg,3.9734870357068734,3.956599355554533,3.9914798204436828,500
segment,high_traffic,heuristic_risk_rule,primary,estimated_crash,0.1274466916205563,0.12586494419487987,0.12900937895881343,500
segment,high_traffic,heuristic_risk_rule,primary,estimated_near_miss,0.5666814169648287,0.5635256453886002,0.5696913657461834,500
segment,high_traffic,heuristic_risk_rule,primary,estimated_on_time,0.6818392857217359,0.6725462315962396,0.6902034179062866,500
segment,rain_or_event,heuristic_risk_rule,primary,policy_value_plugin,-5.580276501984506,-5.6866677867541755,-5.471331304176033,500
segment,rain_or_event,heuristic_risk_rule,primary,policy_value_ips,-5.41346847039238,-5.704400998516249,-5.100246416267902,500
segment,rain_or_event,heuristic_risk_rule,primary,policy_value_dr,-5.321237033642541,-5.564293816663276,-5.0498439420550225,500
segment,rain_or_event,heuristic_risk_rule,primary,estimated_lateness_min,2.5775677338351124,2.475089369695418,2.6779984164683706,500
segment,rain_or_event,heuristic_risk_rule,primary,estimated_co2_kg,3.7618078773110644,3.7499846120644316,3.7746099864888594,500
segment,rain_or_event,heuristic_risk_rule,primary,estimated_crash,0.11716180897587526,0.11597937610408893,0.11825190939873384,500
segment,rain_or_event,heuristic_risk_rule,primary,estimated_near_miss,0.5393645514642138,0.5366287269955659,0.5418081373513091,500
segment,rain_or_event,heuristic_risk_rule,primary,estimated_on_time,0.7793879499697236,0.7736961467523162,0.7855391062671736,500
segment,tight_window,heuristic_risk_rule,primary,policy_value_plugin,-8.033920549383232,-8.207002809112844,-7.846042643203659,500
segment,tight_window,heuristic_risk_rule,primary,policy_value_ips,-8.25555275412946,-8.815020353581458,-7.790998620681627,500
segment,tight_window,heuristic_risk_rule,primary,policy_value_dr,-8.137989106982666,-8.60376211237262,-7.707547673351386,500
segment,tight_window,heuristic_risk_rule,primary,estimated_lateness_min,5.113360950174203,4.940880151503501,5.279406217375367,500
segment,tight_window,heuristic_risk_rule,primary,estimated_co2_kg,3.8017613278458056,3.7832657284845523,3.820854457567327,500
segment,tight_window,heuristic_risk_rule,primary,estimated_crash,0.11026134114662911,0.10879291983195047,0.11171107158117088,500
segment,tight_window,heuristic_risk_rule,primary,estimated_near_miss,0.5287969610867888,0.5250841222934992,0.5323301251626421,500
segment,tight_window,heuristic_risk_rule,primary,estimated_on_time,0.5393325310920247,0.5310903494446796,0.5479916576222584,500
segment,late_day,heuristic_risk_rule,primary,policy_value_plugin,-4.949376584205735,-5.069896545346638,-4.853504670121353,500
segment,late_day,heuristic_risk_rule,primary,policy_value_ips,-4.645153508542946,-4.953003623080868,-4.321390492197271,500
segment,late_day,heuristic_risk_rule,primary,policy_value_dr,-4.60495468769824,-4.902662006547789,-4.304915806823718,500
segment,late_day,heuristic_risk_rule,primary,estimated_lateness_min,2.0778087721991496,1.981852855174784,2.1946308600469453,500
segment,late_day,heuristic_risk_rule,primary,estimated_co2_kg,3.716672551785325,3.700365135982619,3.7319661175417926,500
segment,late_day,heuristic_risk_rule,primary,estimated_crash,0.10795333512921922,0.10665199647475973,0.10917481856386313,500
segment,late_day,heuristic_risk_rule,primary,estimated_near_miss,0.5243499751786642,0.5207472401813851,0.5276790199453022,500
segment,late_day,heuristic_risk_rule,primary,estimated_on_time,0.8122765746428365,0.8045354047689215,0.8185952267790325,500
overall,,non_causal_fqi,primary,policy_value_plugin,-4.843138678047233,-4.920509782891191,-4.786490826017029,500
overall,,non_causal_fqi,primary,policy_value_ips,-4.184343608789038,-4.321664255853787,-4.045336766352721,500
overall,,non_causal_fqi,primary,policy_value_dr,-4.520690868651498,-4.707074399896758,-4.336142119670751,500
overall,,non_causal_fqi,primary,estimated_lateness_min,1.994812349686652,1.941783185947739,2.0673431935635316,500
overall,,non_causal_fqi,primary,estimated_co2_kg,3.734256630889765,3.7262146756595005,3.743176285244717,500
overall,,non_causal_fqi,primary,estimated_crash,0.10618346815739374,0.1055455418386868,0.10691621518776992,500
overall,,non_causal_fqi,primary,estimated_near_miss,0.5198201603043457,0.5178201291618348,0.5217144715307818,500
overall,,non_causal_fqi,primary,estimated_on_time,0.8178883064363414,0.8136374589570381,0.8212115737224256,500
segment,high_traffic,non_causal_fqi,primary,policy_value_plugin,-7.521469725436281,-7.70938623112921,-7.32185577147967,500
segment,high_traffic,non_causal_fqi,primary,policy_value_ips,-6.427267679082549,-6.821510093328715,-6.056936009448002,500
segment,high_traffic,non_causal_fqi,primary,policy_value_dr,-6.891412991046716,-7.413042476483335,-6.460085551844697,500
segment,high_traffic,non_causal_fqi,primary,estimated_lateness_min,4.315881460354888,4.134784225903567,4.491950245897786,500
segment,high_traffic,non_causal_fqi,primary,estimated_co2_kg,3.97942633886019,3.960084908455044,3.9964604911795867,500
segment,high_traffic,non_causal_fqi,primary,estimated_crash,0.12762910755512716,0.12598213306933437,0.1293465174819733,500
segment,high_traffic,non_causal_fqi,primary,estimated_near_miss,0.566705960879042,0.56357874023911,0.569262067378899,500
segment,high_traffic,non_causal_fqi,primary,estimated_on_time,0.6822799066462231,0.6737376938361649,0.6917010266325536,500
segment,rain_or_event,non_causal_fqi,primary,policy_value_plugin,-5.6308963192677846,-5.7380604010030485,-5.5220430017207605,500
segment,rain_or_event,non_causal_fqi,primary,policy_value_ips,-4.785517843280594,-5.015300039714904,-4.5773739577501305,500
segment,rain_or_event,non_causal_fqi,primary,policy_value_dr,-5.12292704606567,-5.4267707570002655,-4.869632385226762,500
segment,rain_or_event,non_causal_fqi,primary,estimated_lateness_min,2.622726833338409,2.5233765464215177,2.7264074352413203,500
segment,rain_or_event,non_causal_fqi,primary,estimated_co2_kg,3.777684102499074,3.7636244057351576,3.7908770293386835,500
segment,rain_or_event,non_causal_fqi,primary,estimated_crash,0.11737070355655815,0.11630065719363444,0.11849090240762383,500
segment,rain_or_event,non_causal_fqi,primary,estimated_near_miss,0.539462814931989,0.5367564232179569,0.542037345546363,500
segment,rain_or_event,non_causal_fqi,primary,estimated_on_time,0.779851512265369,0.7740072414171444,0.7859582029856654,500
segment,tight_window,non_causal_fqi,primary,policy_value_plugin,-8.15715621740235,-8.341110346924784,-7.974488182274286,500
segment,tight_window,non_causal_fqi,primary,policy_value_ips,-7.395856326107169,-7.883870258457301,-6.982384198553404,500
segment,tight_window,non_causal_fqi,primary,policy_value_dr,-7.811031462479714,-8.31890868412371,-7.397338866753452,500
segment,tight_window,non_causal_fqi,primary,estimated_lateness_min,5.25587746551475,5.073985293106244,5.434885613076779,500
segment,tight_window,non_causal_fqi,primary,estimated_co2_kg,3.736489557524967,3.7197047637964222,3.7542129866025316,500
segment,tight_window,non_causal_fqi,primary,estimated_crash,0.10975341405400613,0.10821462546834083,0.11131376868136916,500
segment,tight_window,non_causal_fqi,primary,estimated_near_miss,0.5282233499212726,0.5244840535255252,0.5320064728670553,500
segment,tight_window,non_causal_fqi,primary,estimated_on_time,0.5376781008128658,0.5290224344382121,0.5464591165126677,500
segment,late_day,non_causal_fqi,primary,policy_value_plugin,-4.993916853924001,-5.12045315323648,-4.863037177140313,500
segment,late_day,non_causal_fqi,primary,policy_value_ips,-4.144218775964795,-4.384727275352443,-3.9063906737507925,500
segment,late_day,non_causal_fqi,primary,policy_value_dr,-4.523061142897704,-4.864087053116856,-4.199058574646926,500
segment,late_day,non_causal_fqi,primary,estimated_lateness_min,2.113433803947784,1.9860340321253391,2.237267495227303,500
segment,late_day,non_causal_fqi,primary,estimated_co2_kg,3.7414536495837707,3.7256262470643304,3.75715588170702,500
segment,late_day,non_causal_fqi,primary,estimated_crash,0.10829135117597785,0.10706328524895599,0.10977299655210394,500
segment,late_day,non_causal_fqi,primary,estimated_near_miss,0.5246394041498419,0.5212786234537113,0.527884310806688,500
segment,late_day,non_causal_fqi,primary,estimated_on_time,0.8131261255064206,0.8059719124834921,0.8199682282933146,500
overall,,causal_fqi,primary,policy_value_plugin,-4.831580129800899,-4.902320100919544,-4.765416964538763,500
overall,,causal_fqi,primary,policy_value_ips,-4.288815809850753,-4.4341016785919685,-4.158892969333227,500
overall,,causal_fqi,primary,policy_value_dr,-4.6940920810855244,-4.88560617494938,-4.529860285470859,500
overall,,causal_fqi,primary,estimated_lateness_min,1.982181055767413,1.9191952261213021,2.047587085463126,500
overall,,causal_fqi,primary,estimated_co2_kg,3.736839525028662,3.7286578941756607,3.7448858032261496,500
overall,,causal_fqi,primary,estimated_crash,0.10623617269842076,0.1055361391107553,0.10698767223208207,500
overall,,causal_fqi,primary,estimated_near_miss,0.5198347210217726,0.5178921735935994,0.5217793393497997,500
overall,,causal_fqi,primary,estimated_on_time,0.8182224757545269,0.8139561786163524,0.8219319320262708,500
segment,high_traffic,causal_fqi,primary,policy_value_plugin,-7.482467706944415,-7.665026792230936,-7.285916847398039,500
segment,high_traffic,causal_fqi,primary,policy_value_ips,-6.760437854933763,-7.138085142175783,-6.388580777326699,500
segment,high_traffic,causal_fqi,primary,policy_value_dr,-7.236951927687293,-7.634383795298753,-6.780801955024251,500
segment,high_traffic,causal_fqi,primary,estimated_lateness_min,4.273995672221307,4.078021694405484,4.447174288865174,500
segment,high_traffic,causal_fqi,primary,estimated_co2_kg,3.9850091811426864,3.9663447595645636,4.004429808982901,500
segment,high_traffic,causal_fqi,primary,estimated_crash,0.12779532866199345,0.12637370734568953,0.12935480520109827,500
segment,high_traffic,causal_fqi,primary,estimated_near_miss,0.5667584559373171,0.5637163594553458,0.5697079455530268,500
segment,high_traffic,causal_fqi,primary,estimated_on_time,0.6831566547915313,0.6739810776000617,0.6933201199098782,500
segment,rain_or_event,causal_fqi,primary,policy_value_plugin,-5.617653778913073,-5.727042173719122,-5.5085263786354,500
segment,rain_or_event,causal_fqi,primary,policy_value_ips,-4.924375986490075,-5.1390600108597075,-4.704201789530047,500
segment,rain_or_event,causal_fqi,primary,policy_value_dr,-5.374260959828663,-5.651694074444633,-5.107886466835057,500
segment,rain_or_event,causal_fqi,primary,estimated_lateness_min,2.609083732201865,2.5045717100057048,2.7158737401452244,500
segment,rain_or_event,causal_fqi,primary,estimated_co2_kg,3.7786874400278356,3.7665066435095618,3.790522621876915,500
segment,rain_or_event,causal_fqi,primary,estimated_crash,0.11738932942693499,0.11616892851073103,0.11859355256928149,500
segment,rain_or_event,causal_fqi,primary,estimated_near_miss,0.5394696322181455,0.5370213689670879,0.5422146573922403,500
segment,rain_or_event,causal_fqi,primary,estimated_on_time,0.7801207948748342,0.7742145298189297,0.7860211471169557,500
segment,tight_window,causal_fqi,primary,policy_value_plugin,-8.16132107458953,-8.343572144287503,-7.987057871274976,500
segment,tight_window,causal_fqi,primary,policy_value_ips,-7.819762455457439,-8.26309990766031,-7.419602668628617,500
segment,tight_window,causal_fqi,primary,policy_value_dr,-8.326888202023227,-8.813215367337841,-7.86313446802209,500
segment,tight_window,causal_fqi,primary,estimated_lateness_min,5.2606973879026055,5.0867651048205875,5.434720337297331,500
segment,tight_window,causal_fqi,primary,estimated_co2_kg,3.735350907362308,3.717499268428221,3.7526987727892513,500
segment,tight_window,causal_fqi,primary,estimated_crash,0.10972072605335945,0.10823781838243023,0.11116212051804582,500
segment,tight_window,causal_fqi,primary,estimated_near_miss,0.5281731223404343,0.5247803285221541,0.5322445532186548,500
segment,tight_window,causal_fqi,primary,estimated_on_time,0.5376778631542938,0.5298782298303245,0.5459770975704664,500
segment,late_day,causal_fqi,primary,policy_value_plugin,-4.980151600628794,-5.102810273156222,-4.8492068936816315,500
segment,late_day,causal_fqi,primary,policy_value_ips,-4.348050112038198,-4.606785753232366,-4.098381878370798,500
segment,late_day,causal_fqi,primary,policy_value_dr,-4.8553238949543545,-5.204603724737308,-4.514578528473269,500
segment,late_day,causal_fqi,primary,estimated_lateness_min,2.099131036762246,1.9780862401990331,2.2097560637842584,500
segment,late_day,causal_fqi,primary,estimated_co2_kg,3.7423529515137934,3.7249329872771404,3.757085590095783,500
segment,late_day,causal_fqi,primary,estimated_crash,0.10831699400603298,0.10703646704000148,0.10971173802126956,500
segment,late_day,causal_fqi,primary,estimated_near_miss,0.5246900167517294,0.5211242679541433,0.528127878466056,500
segment,late_day,causal_fqi,primary,estimated_on_time,0.8134334069295464,0.8066824190382498,0.8206408510388854,500
overall,,causal_no_history_fqi,primary,policy_value_plugin,-4.832476711415686,-4.906387708686989,-4.771291981772759,500
overall,,causal_no_history_fqi,primary,policy_value_ips,-4.286738200150217,-4.4281710260596,-4.1474788993607845,500
overall,,causal_no_history_fqi,primary,policy_value_dr,-4.686701593289247,-4.862471551008446,-4.501942391128828,500
overall,,causal_no_history_fqi,primary,estimated_lateness_min,1.9836299382798521,1.9255757404752696,2.051510689918096,500
overall,,causal_no_history_fqi,primary,estimated_co2_kg,3.734882720579832,3.7265504770931885,3.7435366001788175,500
overall,,causal_no_history_fqi,primary,estimated_crash,0.10622706618693789,0.10558552713102975,0.10698151405155916,500
overall,,causal_no_history_fqi,primary,estimated_near_miss,0.5197997835752444,0.517852876562902,0.5215792431392672,500
overall,,causal_no_history_fqi,primary,estimated_on_time,0.8181112025739162,0.813856191663697,0.8219318022242551,500
segment,high_traffic,causal_no_history_fqi,primary,policy_value_plugin,-7.479277656248506,-7.676448085875111,-7.291465223550988,500
segment,high_traffic,causal_no_history_fqi,primary,policy_value_ips,-6.758151290800401,-7.138741381554658,-6.368139354366082,500
segment,high_traffic,causal_no_history_fqi,primary,policy_value_dr,-7.290340799551972,-7.723820868547006,-6.830653138224569,500
segment,high_traffic,causal_no_history_fqi,primary,estimated_lateness_min,4.2710749984065774,4.091493029867791,4.45870603488857,500
segment,high_traffic,causal_no_history_fqi,primary,estimated_co2_kg,3.9844186287820684,3.966707705961099,4.003049380445096,500
segment,high_traffic,causal_no_history_fqi,primary,estimated_crash,0.12778872189833057,0.12627889189904243,0.12933768586476557,500
segment,high_traffic,causal_no_history_fqi,primary,estimated_near_miss,0.5667158565511046,0.5636829562384904,0.5696543236588829,500
segment,high_traffic,causal_no_history_fqi,primary,estimated_on_time,0.6828848818599951,0.673169278352322,0.6925712777855411,500
segment,rain_or_event,causal_no_history_fqi,primary,policy_value_plugin,-5.6195853059401815,-5.717732228497507,-5.520680468179549,500
segment,rain_or_event,causal_no_history_fqi,primary,policy_value_ips,-4.926280457115031,-5.117101497788349,-4.722984039837524,500
segment,rain_or_event,causal_no_history_fqi,primary,policy_value_dr,-5.412156373894513,-5.666614388964891,-5.139480755670437,500
segment,rain_or_event,causal_no_history_fqi,primary,estimated_lateness_min,2.6115095679365408,2.5170031181237382,2.7052934123915175,500
segment,rain_or_event,causal_no_history_fqi,primary,estimated_co2_kg,3.777162768636423,3.7658551503423316,3.789082514335734,500
segment,rain_or_event,causal_no_history_fqi,primary,estimated_crash,0.11737149708585536,0.11638298872466114,0.1183303660411121,500
segment,rain_or_event,causal_no_history_fqi,primary,estimated_near_miss,0.5394641067089007,0.5369231942270037,0.5417477381615619,500
segment,rain_or_event,causal_no_history_fqi,primary,estimated_on_time,0.7799972013393007,0.7742900343678479,0.785749312329569,500
segment,tight_window,causal_no_history_fqi,primary,policy_value_plugin,-8.157734769673453,-8.316053682349777,-7.98413301984025,500
segment,tight_window,causal_no_history_fqi,primary,policy_value_ips,-7.7571818858017645,-8.165278155311833,-7.307886898972178,500
segment,tight_window,causal_no_history_fqi,primary,policy_value_dr,-8.348849746817335,-8.867807527649976,-7.867826773476427,500
segment,tight_window,causal_no_history_fqi,primary,estimated_lateness_min,5.25708094511957,5.086730603592584,5.412819918443761,500
segment,tight_window,causal_no_history_fqi,primary,estimated_co2_kg,3.735481489959536,3.7166491797348695,3.7521234391622884,500
segment,tight_window,causal_no_history_fqi,primary,estimated_crash,0.10971894740484936,0.10829938487529178,0.11120485788600408,500
segment,tight_window,causal_no_history_fqi,primary,estimated_near_miss,0.5281840262567414,0.5244449274959915,0.5317433257847216,500
segment,tight_window,causal_no_history_fqi,primary,estimated_on_time,0.5377905098015909,0.5299247941674089,0.5470951404935296,500
segment,late_day,causal_no_history_fqi,primary,policy_value_plugin,-4.978993660777097,-5.094473996349739,-4.847041882125481,500
segment,late_day,causal_no_history_fqi,primary,policy_value_ips,-4.3174809614997995,-4.586458744099756,-4.044605019548149,500
segment,late_day,causal_no_history_fqi,primary,policy_value_dr,-4.858113390221925,-5.204994075166452,-4.489487386842302,500
segment,late_day,causal_no_history_fqi,primary,estimated_lateness_min,2.09800501619304,1.9816179473741435,2.2035670561181417,500
segment,late_day,causal_no_history_fqi,primary,estimated_co2_kg,3.7411779760125534,3.7246247767684046,3.755856292474018,500
segment,late_day,causal_no_history_fqi,primary,estimated_crash,0.10834476130946546,0.10708488535797515,0.10972702132618095,500
segment,late_day,causal_no_history_fqi,primary,estimated_near_miss,0.5246527181434459,0.5210023919315324,0.5284280651377723,500
segment,late_day,causal_no_history_fqi,primary,estimated_on_time,0.8132970841887304,0.8069567177590065,0.8204993474843117,500
overall,,causal_no_vehicle_id_fqi,primary,policy_value_plugin,-4.833723390339195,-4.896229419950037,-4.764210609349171,500
overall,,causal_no_vehicle_id_fqi,primary,policy_value_ips,-4.263002501600034,-4.406546799654524,-4.126444928305648,500
overall,,causal_no_vehicle_id_fqi,primary,policy_value_dr,-4.670348275548825,-4.846986011227726,-4.486465246620551,500
overall,,causal_no_vehicle_id_fqi,primary,estimated_lateness_min,1.9845570170587885,1.9191282366003313,2.0415738530366716,500
overall,,causal_no_vehicle_id_fqi,primary,estimated_co2_kg,3.735822275547812,3.7269405750956586,3.7442004503298905,500
overall,,causal_no_vehicle_id_fqi,primary,estimated_crash,0.10623484406616883,0.10554034533630288,0.10696983218884527,500
overall,,causal_no_vehicle_id_fqi,primary,estimated_near_miss,0.5198267387545781,0.5179867021227149,0.52172917455253,500
overall,,causal_no_vehicle_id_fqi,primary,estimated_on_time,0.8181194416466115,0.8144295096261075,0.8219930500941728,500
segment,high_traffic,causal_no_vehicle_id_fqi,primary,policy_value_plugin,-7.486416869553119,-7.6908751600175185,-7.2891402295117524,500
segment,high_traffic,causal_no_vehicle_id_fqi,primary,policy_value_ips,-6.758034072698493,-7.181445830013747,-6.365942443975837,500
segment,high_traffic,causal_no_vehicle_id_fqi,primary,policy_value_dr,-7.303120310646344,-7.758087372498993,-6.846298956448021,500
segment,high_traffic,causal_no_vehicle_id_fqi,primary,estimated_lateness_min,4.27766175983302,4.083124876407443,4.470040124230311,500
segment,high_traffic,causal_no_vehicle_id_fqi,primary,estimated_co2_kg,3.985698260794126,3.968521498938933,4.004064621167142,500
segment,high_traffic,causal_no_vehicle_id_fqi,primary,estimated_crash,0.12781127835648837,0.12626629321843916,0.12958349113823567,500
segment,high_traffic,causal_no_vehicle_id_fqi,primary,estimated_near_miss,0.5667513369981955,0.5638153185875552,0.5697123164003064,500
segment,high_traffic,causal_no_vehicle_id_fqi,primary,estimated_on_time,0.6829759405425883,0.6733531201929058,0.6928324704602381,500
segment,rain_or_event,causal_no_vehicle_id_fqi,primary,policy_value_plugin,-5.620989735276679,-5.732953276605463,-5.508169834702934,500
segment,rain_or_event,causal_no_vehicle_id_fqi,primary,policy_value_ips,-4.9128280058779445,-5.11318424917856,-4.681413901341918,500
segment,rain_or_event,causal_no_vehicle_id_fqi,primary,policy_value_dr,-5.361771368624141,-5.608669597151425,-5.073130883114407,500
segment,rain_or_event,causal_no_vehicle_id_fqi,primary,estimated_lateness_min,2.612270225524128,2.5078969792503765,2.716972564506215,500
segment,rain_or_event,causal_no_vehicle_id_fqi,primary,estimated_co2_kg,3.7787962645806625,3.766403783422653,3.7913724742229387,500
segment,rain_or_event,causal_no_vehicle_id_fqi,primary,estimated_crash,0.11739773171950939,0.11628142886645379,0.11855310938279834,500
segment,rain_or_event,causal_no_vehicle_id_fqi,primary,estimated_near_miss,0.5394914698206625,0.5369848158909508,0.5420285988407154,500
segment,rain_or_event,causal_no_vehicle_id_fqi,primary,estimated_on_time,0.7800258217927223,0.7744377475625825,0.7862288255597389,500
segment,tight_window,causal_no_vehicle_id_fqi,primary,policy_value_plugin,-8.154822858922664,-8.329930306774905,-7.97590457306239,500
segment,tight_window,causal_no_vehicle_id_fqi,primary,policy_value_ips,-7.545912436445879,-7.9958625054494,-7.180266955404668,500
segment,tight_window,causal_no_vehicle_id_fqi,primary,policy_value_dr,-8.113433692463573,-8.584250529380586,-7.679359421234918,500
segment,tight_window,causal_no_vehicle_id_fqi,primary,estimated_lateness_min,5.254361113455847,5.091724319195753,5.420411644661839,500
segment,tight_window,causal_no_vehicle_id_fqi,primary,estimated_co2_kg,3.7345874901798197,3.71818201620784,3.752199633725548,500
segment,tight_window,causal_no_vehicle_id_fqi,primary,estimated_crash,0.10972076499709021,0.1082476175941227,0.1112512732638567,500
segment,tight_window,causal_no_vehicle_id_fqi,primary,estimated_near_miss,0.5281682987299752,0.5243841580766981,0.5315972555968901,500
segment,tight_window,causal_no_vehicle_id_fqi,primary,estimated_on_time,0.5377099078901629,0.5295082399629434,0.5456368730435573,500
segment,late_day,causal_no_vehicle_id_fqi,primary,policy_value_plugin,-4.9843899898776,-5.1144921157377405,-4.858756890901275,500
segment,late_day,causal_no_vehicle_id_fqi,primary,policy_value_ips,-4.336990462078289,-4.606780547099097,-4.090462584010821,500
segment,late_day,causal_no_vehicle_id_fqi,primary,policy_value_dr,-4.869330805558098,-5.242453257578331,-4.54363061111839,500
segment,late_day,causal_no_vehicle_id_fqi,primary,estimated_lateness_min,2.103625522548861,1.9856065989359664,2.223952136130339,500
segment,late_day,causal_no_vehicle_id_fqi,primary,estimated_co2_kg,3.7411900325555414,3.7243972048823717,3.757390799169504,500
segment,late_day,causal_no_vehicle_id_fqi,primary,estimated_crash,0.10831985893872047,0.10702420164806133,0.1096377484618601,500
segment,late_day,causal_no_vehicle_id_fqi,primary,estimated_near_miss,0.5246639357152131,0.52141249319233,0.5278797659867829,500
segment,late_day,causal_no_vehicle_id_fqi,primary,estimated_on_time,0.8131564060402238,0.8059227708055046,0.8208545145313682,500
overall,,minimal_fqi,primary,policy_value_plugin,-4.870075467039217,-4.9374717098778245,-4.802841573270177,500
overall,,minimal_fqi,primary,policy_value_ips,-4.423082043165765,-4.559478077675357,-4.280009573555097,500
overall,,minimal_fqi,primary,policy_value_dr,-4.810388211039625,-4.988181972639592,-4.601393371642169,500
overall,,minimal_fqi,primary,estimated_lateness_min,2.0207099673354523,1.956649371936769,2.08349595351602,500
overall,,minimal_fqi,primary,estimated_co2_kg,3.7365360475282445,3.728107271070465,3.744347820770907,500
overall,,minimal_fqi,primary,estimated_crash,0.10623708271271594,0.10555058713288029,0.10699953926807523,500
overall,,minimal_fqi,primary,estimated_near_miss,0.5198437315354776,0.5179656169944051,0.5216328163182017,500
overall,,minimal_fqi,primary,estimated_on_time,0.8173281748519308,0.8133424315851573,0.8211435146789324,500
segment,high_traffic,minimal_fqi,primary,policy_value_plugin,-7.56766253270931,-7.758636925655853,-7.374161774461945,500
segment,high_traffic,minimal_fqi,primary,policy_value_ips,-7.154283293852075,-7.5705873339079215,-6.726621516441945,500
segment,high_traffic,minimal_fqi,primary,policy_value_dr,-7.418795426754605,-7.864391652576174,-6.963690938234414,500
segment,high_traffic,minimal_fqi,primary,estimated_lateness_min,4.354544967011204,4.165706028210887,4.54502139064919,500
segment,high_traffic,minimal_fqi,primary,estimated_co2_kg,4.002291366792519,3.9842840907973,4.020068259391,500
segment,high_traffic,minimal_fqi,primary,estimated_crash,0.1278794503199264,0.1263510627814681,0.12937578626020055,500
segment,high_traffic,minimal_fqi,primary,estimated_near_miss,0.5669323945701688,0.5637569900917571,0.5699765479902027,500
segment,high_traffic,minimal_fqi,primary,estimated_on_time,0.6816946494615113,0.673407790831194,0.6907172263639837,500
segment,rain_or_event,minimal_fqi,primary,policy_value_plugin,-5.67432434008385,-5.784952998629301,-5.56048718842309,500
segment,rain_or_event,minimal_fqi,primary,policy_value_ips,-5.045048405183038,-5.223035179792732,-4.8475545495821,500
segment,rain_or_event,minimal_fqi,primary,policy_value_dr,-5.469418842517923,-5.709240089281099,-5.185684649657634,500
segment,rain_or_event,minimal_fqi,primary,estimated_lateness_min,2.6660713400031177,2.557093173661073,2.7699867756745653,500
segment,rain_or_event,minimal_fqi,primary,estimated_co2_kg,3.7761718331246747,3.763339326535226,3.788644379795971,500
segment,rain_or_event,minimal_fqi,primary,estimated_crash,0.11740656388281932,0.1163177907783035,0.11851377654035623,500
segment,rain_or_event,minimal_fqi,primary,estimated_near_miss,0.5394764973138015,0.5369489846851652,0.5419316707186114,500
segment,rain_or_event,minimal_fqi,primary,estimated_on_time,0.7790787084238039,0.7731254996610936,0.7850786047784141,500
segment,tight_window,minimal_fqi,primary,policy_value_plugin,-8.21705794830598,-8.401359309764121,-8.043094606007436,500
segment,tight_window,minimal_fqi,primary,policy_value_ips,-8.215811685886253,-8.634894246946141,-7.772376161238953,500
segment,tight_window,minimal_fqi,primary,policy_value_dr,-8.593823335559009,-9.100821562754657,-8.078303526904655,500
segment,tight_window,minimal_fqi,primary,estimated_lateness_min,5.315654553529218,5.148924338792786,5.498419311408462,500
segment,tight_window,minimal_fqi,primary,estimated_co2_kg,3.7357835080283563,3.718458424520869,3.751956304284052,500
segment,tight_window,minimal_fqi,primary,estimated_crash,0.10979605472760838,0.10838350273184373,0.11121831429108198,500
segment,tight_window,minimal_fqi,primary,estimated_near_miss,0.5281430729475032,0.5247271982746547,0.5316664419849997,500
segment,tight_window,minimal_fqi,primary,estimated_on_time,0.536870461611535,0.5288239245139179,0.5449431915488299,500
segment,late_day,minimal_fqi,primary,policy_value_plugin,-5.013843682661792,-5.130409561324808,-4.875252180054107,500
segment,late_day,minimal_fqi,primary,policy_value_ips,-4.415558280322583,-4.67312578166217,-4.153974977241253,500
segment,late_day,minimal_fqi,primary,policy_value_dr,-4.869596046786498,-5.251358231348518,-4.507082045460739,500
segment,late_day,minimal_fqi,primary,estimated_lateness_min,2.1301458301654654,1.9961334946037719,2.243146339249342,500
segment,late_day,minimal_fqi,primary,estimated_co2_kg,3.7510926142093175,3.7348124215967062,3.7654624905398015,500
segment,late_day,minimal_fqi,primary,estimated_crash,0.10840621499661167,0.10704553195478542,0.10972529361702106,500
segment,late_day,minimal_fqi,primary,estimated_near_miss,0.5247085898441729,0.5214198306916075,0.5280583387019989,500
segment,late_day,minimal_fqi,primary,estimated_on_time,0.8127514453041619,0.8057702316813491,0.8201290919635478,500
